{
	"ipv6": [
		[
			1508557500000,
			8.140500216316077
		],
		[
			1513182180000,
			5.2827426735626455
		],
		[
			1526649180000,
			4.42036658498191
		],
		[
			1527138720000,
			7.665576947752861
		],
		[
			1527741240000,
			6.374714596467104
		],
		[
			1528161060000,
			7.384717941953918
		]
	],
	"merged": [
		[
			1508557500000,
			8.140500216316077
		],
		[
			1513182180000,
			5.636150443320364
		],
		[
			1526533020000,
			5.935510741171628
		],
		[
			1526584200000,
			6.064056837551746
		],
		[
			1526587380000,
			5.885413481298315
		],
		[
			1526649180000,
			5.761137882744284
		],
		[
			1527138720000,
			6.101796326847363
		],
		[
			1527741240000,
			5.830792816326126
		],
		[
			1528161060000,
			6.0478844489223125
		]
	],
	"ipv4": [
		[
			1513182180000,
			5.741296838462551
		],
		[
			1526533020000,
			5.935510741171628
		],
		[
			1526584200000,
			6.064056837551746
		],
		[
			1526587380000,
			5.885413481298315
		],
		[
			1526649180000,
			5.7655053462500785
		],
		[
			1527138720000,
			5.963435172962604
		],
		[
			1527741240000,
			5.776922851690551
		],
		[
			1528161060000,
			5.941290740693825
		]
	]
}