{
	"configuration": [
		[
			1526649180000,
			0.0052803409746336035
		]
	],
	"existence": [
		[
			1526649180000,
			0.24136122677214109
		]
	],
	"total": [
		[
			1526649180000,
			0.24648360882873013
		]
	]
}