{
	"total": [
		[
			1513182180000,
			0.003639804906457014
		],
		[
			1526533020000,
			0.05697148492998319
		],
		[
			1526584200000,
			0.0
		],
		[
			1526587380000,
			0.04985268328332218
		],
		[
			1526649180000,
			0.21623349731806235
		],
		[
			1527138720000,
			0.23319113562362587
		],
		[
			1527741240000,
			0.05009716793804758
		],
		[
			1528161060000,
			0.05914799378258298
		]
	],
	"existence": [
		[
			1513182180000,
			0.003639804906457014
		],
		[
			1526533020000,
			0.05431028115346348
		],
		[
			1526584200000,
			0.0
		],
		[
			1526587380000,
			0.04784227534710101
		],
		[
			1526649180000,
			0.2110882073415767
		],
		[
			1527138720000,
			0.2291221018716736
		],
		[
			1527741240000,
			0.04818730523073198
		],
		[
			1528161060000,
			0.057604026218253564
		]
	],
	"configuration": [
		[
			1513182180000,
			0.0
		],
		[
			1526533020000,
			0.0027155140576731736
		],
		[
			1526584200000,
			0.0
		],
		[
			1526587380000,
			0.0020919109606625653
		],
		[
			1526649180000,
			0.005312422365513043
		],
		[
			1527138720000,
			0.004123651654663017
		],
		[
			1527741240000,
			0.0019392452105050676
		],
		[
			1528161060000,
			0.0017124003895289805
		]
	]
}