{
	"configuration": [
		[
			1526649180000,
			0.0052803409746336035
		],
		[
			1529669280000,
			0.005667368967029061
		]
	],
	"existence": [
		[
			1526649180000,
			0.24136122677214109
		],
		[
			1529669280000,
			0.11741655025890808
		]
	],
	"total": [
		[
			1526649180000,
			0.24648360882873013
		],
		[
			1529669280000,
			0.12289122868105816
		]
	]
}