{
	"configuration": [
		[
			1526649180000,
			0.005286188961601598
		],
		[
			1529669280000,
			0.005670947362380001
		],
		[
			1530664740000,
			0.007461592377776724
		]
	],
	"existence": [
		[
			1526649180000,
			0.2416285347576525
		],
		[
			1529669280000,
			0.11749068745378886
		],
		[
			1530664740000,
			0.1989177863043451
		]
	],
	"total": [
		[
			1526649180000,
			0.24675658986142843
		],
		[
			1529669280000,
			0.12296882260584795
		],
		[
			1530664740000,
			0.2061727165025624
		]
	]
}