{
	"configuration": [
		[
			1526649180000,
			0.005312422365513043
		]
	],
	"existence": [
		[
			1526649180000,
			0.2110882073415767
		]
	],
	"total": [
		[
			1526649180000,
			0.21623349731806235
		]
	]
}