{
	"configuration": [
		[
			1526649180000,
			0.0052803409746336035
		],
		[
			1529669280000,
			0.005667368967029061
		],
		[
			1530664740000,
			0.007453929068150209
		]
	],
	"existence": [
		[
			1526649180000,
			0.24136122677214109
		],
		[
			1529669280000,
			0.11741655025890808
		],
		[
			1530664740000,
			0.1987134909596662
		]
	],
	"total": [
		[
			1526649180000,
			0.24648360882873013
		],
		[
			1529669280000,
			0.12289122868105816
		],
		[
			1530664740000,
			0.20596097009735742
		]
	]
}