{
	"configuration": [
		[
			1526649180000,
			0.005286188961601598
		],
		[
			1529669280000,
			0.005670947362380001
		],
		[
			1530664740000,
			0.007461592377776724
		],
		[
			1531282740000,
			0.009803880437703517
		],
		[
			1531887960000,
			0.030647125154879606
		],
		[
			1532492820000,
			0.005740647185209434
		],
		[
			1533096960000,
			0.005368716694311351
		],
		[
			1533702120000,
			0.006135816293660168
		],
		[
			1534306920000,
			0.005957215568383749
		],
		[
			1534911840000,
			0.009178232157758514
		],
		[
			1535516640000,
			0.006171693059449349
		],
		[
			1536121200000,
			0.017689163765326643
		],
		[
			1536726120000,
			0.007621650529698876
		],
		[
			1537331100000,
			0.007519784512071508
		],
		[
			1537936080000,
			0.006978411187071429
		],
		[
			1538541120000,
			0.012554633541618029
		]
	],
	"existence": [
		[
			1526649180000,
			0.2416285347576525
		],
		[
			1529669280000,
			0.11749068745378886
		],
		[
			1530664740000,
			0.1989177863043451
		],
		[
			1531282740000,
			0.20759275210601263
		],
		[
			1531887960000,
			0.22901901459048513
		],
		[
			1532492820000,
			0.20675496568846116
		],
		[
			1533096960000,
			0.4109477310690503
		],
		[
			1533702120000,
			0.1900862352887037
		],
		[
			1534306920000,
			0.2712936088018363
		],
		[
			1534911840000,
			0.25898136695145807
		],
		[
			1535516640000,
			0.32238492574294625
		],
		[
			1536121200000,
			0.11437406742642128
		],
		[
			1536726120000,
			0.12017230299200556
		],
		[
			1537331100000,
			0.08310693727782571
		],
		[
			1537936080000,
			0.25052151264822653
		],
		[
			1538541120000,
			0.14071168295674846
		]
	],
	"total": [
		[
			1526649180000,
			0.24675658986142843
		],
		[
			1529669280000,
			0.12296882260584795
		],
		[
			1530664740000,
			0.2061727165025624
		],
		[
			1531282740000,
			0.21724206686113975
		],
		[
			1531887960000,
			0.25952246407749113
		],
		[
			1532492820000,
			0.21223207018852122
		],
		[
			1533096960000,
			0.41613290189347063
		],
		[
			1533702120000,
			0.19597391195284083
		],
		[
			1534306920000,
			0.2770272890768473
		],
		[
			1534911840000,
			0.2679346424386833
		],
		[
			1535516640000,
			0.32830424473676756
		],
		[
			1536121200000,
			0.1320416062971693
		],
		[
			1536726120000,
			0.1274438011237091
		],
		[
			1537331100000,
			0.09056525216173315
		],
		[
			1537936080000,
			0.25716652363031434
		],
		[
			1538541120000,
			0.15292982447183517
		]
	]
}