{
	"configuration": [
		[
			1526649180000,
			0.009111340581910952
		]
	],
	"existence": [
		[
			1526649180000,
			0.4233736257061289
		]
	],
	"total": [
		[
			1526649180000,
			0.43248496628803984
		]
	]
}