{
	"configuration": [
		[
			1526649180000,
			0.009577659425272023
		],
		[
			1527138720000,
			0.008194665272907338
		],
		[
			1527741240000,
			0.005447068115586785
		],
		[
			1528161060000,
			0.0069261307170749055
		]
	],
	"existence": [
		[
			1526649180000,
			0.47204178595983537
		],
		[
			1527138720000,
			0.14740403996997956
		],
		[
			1527741240000,
			0.039862634845885106
		],
		[
			1528161060000,
			0.43980930053425654
		]
	],
	"total": [
		[
			1526649180000,
			0.4816194453851074
		],
		[
			1527138720000,
			0.15519896547347675
		],
		[
			1527741240000,
			0.045309702961471895
		],
		[
			1528161060000,
			0.4466304898768303
		]
	]
}