{
	"total": [
		[
			1508557500000,
			0.1684883471726333
		],
		[
			1513182180000,
			0.07969592937714566
		],
		[
			1526649180000,
			0.4816194453851074
		],
		[
			1527138720000,
			0.15519896547347675
		],
		[
			1527741240000,
			0.045309702961471895
		],
		[
			1528161060000,
			0.4466304898768303
		]
	],
	"existence": [
		[
			1508557500000,
			0.038987154758484834
		],
		[
			1513182180000,
			0.07969592937714566
		],
		[
			1526649180000,
			0.47204178595983537
		],
		[
			1527138720000,
			0.14740403996997956
		],
		[
			1527741240000,
			0.039862634845885106
		],
		[
			1528161060000,
			0.43980930053425654
		]
	],
	"configuration": [
		[
			1508557500000,
			0.12950119241414848
		],
		[
			1513182180000,
			0.0
		],
		[
			1526649180000,
			0.009577659425272023
		],
		[
			1527138720000,
			0.008194665272907338
		],
		[
			1527741240000,
			0.005447068115586785
		],
		[
			1528161060000,
			0.0069261307170749055
		]
	]
}