{
	"configuration": [
		[
			1526649180000,
			0.009132781510379407
		]
	],
	"existence": [
		[
			1526649180000,
			0.4243699141822964
		]
	],
	"total": [
		[
			1526649180000,
			0.4335026956926758
		]
	]
}