{
	"configuration": [
		[
			1526649180000,
			0.009132781510379407
		],
		[
			1531282740000,
			0.001949834654021339
		],
		[
			1531887960000,
			0.004441902185687828
		],
		[
			1532492820000,
			0.003176545330478364
		],
		[
			1533096960000,
			0.0051339524661541455
		]
	],
	"existence": [
		[
			1526649180000,
			0.4243699141822964
		],
		[
			1531282740000,
			0.020278280401821926
		],
		[
			1531887960000,
			0.07469647757156675
		],
		[
			1532492820000,
			0.044353984799642344
		],
		[
			1533096960000,
			0.11447621669211797
		]
	],
	"total": [
		[
			1526649180000,
			0.4335026956926758
		],
		[
			1531282740000,
			0.022228115055843264
		],
		[
			1531887960000,
			0.07895707762722651
		],
		[
			1532492820000,
			0.04741288030306595
		],
		[
			1533096960000,
			0.11961016915827212
		]
	]
}