{
	"configuration": [
		[
			1526649180000,
			0.009132781510379407
		],
		[
			1531282740000,
			0.001949834654021339
		],
		[
			1531887960000,
			0.004441902185687828
		],
		[
			1532492820000,
			0.003176545330478364
		],
		[
			1533096960000,
			0.0051339524661541455
		],
		[
			1533702120000,
			0.003085155912561072
		],
		[
			1534306920000,
			0.002083045336534911
		],
		[
			1534911840000,
			0.005535928173848275
		],
		[
			1535516640000,
			0.0017698151223895229
		],
		[
			1536726120000,
			0.0031217847243268973
		],
		[
			1537936080000,
			0.003282754595856434
		],
		[
			1538541120000,
			0.003300520657133663
		],
		[
			1540355460000,
			0.006362669568390258
		],
		[
			1540963860000,
			0.01258345138511358
		]
	],
	"existence": [
		[
			1526649180000,
			0.4243699141822964
		],
		[
			1531282740000,
			0.020278280401821926
		],
		[
			1531887960000,
			0.07469647757156675
		],
		[
			1532492820000,
			0.044353984799642344
		],
		[
			1533096960000,
			0.11447621669211797
		],
		[
			1533702120000,
			0.03870468326667527
		],
		[
			1534306920000,
			0.027268957132820654
		],
		[
			1534911840000,
			0.10176042515928375
		],
		[
			1535516640000,
			0.09012443161706647
		],
		[
			1536726120000,
			0.03590052432975933
		],
		[
			1537936080000,
			0.04717439937749246
		],
		[
			1538541120000,
			0.04469455056535169
		],
		[
			1540355460000,
			0.04895360055679852
		],
		[
			1540963860000,
			0.10990858319185141
		]
	],
	"total": [
		[
			1526649180000,
			0.4335026956926758
		],
		[
			1531282740000,
			0.022228115055843264
		],
		[
			1531887960000,
			0.07895707762722651
		],
		[
			1532492820000,
			0.04741288030306595
		],
		[
			1533096960000,
			0.11961016915827212
		],
		[
			1533702120000,
			0.04164960481957447
		],
		[
			1534306920000,
			0.02935200246935556
		],
		[
			1534911840000,
			0.10719570009360752
		],
		[
			1535516640000,
			0.09189424673945598
		],
		[
			1536726120000,
			0.038892234690572604
		],
		[
			1537936080000,
			0.05021398696624842
		],
		[
			1538541120000,
			0.047720027834390874
		],
		[
			1540355460000,
			0.055186419725833866
		],
		[
			1540963860000,
			0.1223937263630188
		]
	]
}