{
	"configuration": [
		[
			1526649180000,
			0.009132781510379407
		],
		[
			1531282740000,
			0.001949834654021339
		]
	],
	"existence": [
		[
			1526649180000,
			0.4243699141822964
		],
		[
			1531282740000,
			0.020278280401821926
		]
	],
	"total": [
		[
			1526649180000,
			0.4335026956926758
		],
		[
			1531282740000,
			0.022228115055843264
		]
	]
}