{
	"configuration": [
		[
			1526649180000,
			0.009577659425272023
		]
	],
	"existence": [
		[
			1526649180000,
			0.47204178595983537
		]
	],
	"total": [
		[
			1526649180000,
			0.4816194453851074
		]
	]
}