{
	"includeSubDomains": [
		[
			1526649180000,
			38.050327003875076
		],
		[
			1529669280000,
			36.821835506459266
		],
		[
			1530664740000,
			37.88432095376118
		]
	],
	"preload": [
		[
			1526649180000,
			16.47596664685852
		],
		[
			1529669280000,
			14.496291143715531
		],
		[
			1530664740000,
			13.650602561653855
		]
	]
}