{
	"includeSubDomains": [
		[
			1526649180000,
			36.60983648125198
		]
	],
	"preload": [
		[
			1526649180000,
			17.102597679032513
		]
	]
}