{
	"includeSubDomains": [
		[
			1513182180000,
			35.83205940161607
		],
		[
			1526533020000,
			35.14388422785987
		],
		[
			1526584200000,
			33.4160072438093
		],
		[
			1526587380000,
			35.227264391736135
		],
		[
			1526649180000,
			36.60983648125198
		],
		[
			1527138720000,
			35.16508124549573
		],
		[
			1527741240000,
			35.28976730820424
		],
		[
			1528161060000,
			35.0111207772838
		]
	],
	"preload": [
		[
			1513182180000,
			19.212710198733348
		],
		[
			1526533020000,
			16.43179280410499
		],
		[
			1526584200000,
			15.637179638596907
		],
		[
			1526587380000,
			16.393681342191808
		],
		[
			1526649180000,
			17.102597679032513
		],
		[
			1527138720000,
			16.434526925670223
		],
		[
			1527741240000,
			16.04795929700598
		],
		[
			1528161060000,
			15.387208818244419
		]
	]
}