{
	"includeSubDomains": [
		[
			1526649180000,
			38.050327003875076
		],
		[
			1529669280000,
			36.821835506459266
		],
		[
			1530664740000,
			37.88432095376118
		],
		[
			1531282740000,
			37.18462804541316
		],
		[
			1531887960000,
			42.21671883014408
		],
		[
			1532492820000,
			37.264649220675636
		],
		[
			1533096960000,
			37.135986955395026
		],
		[
			1533702120000,
			37.529100011098606
		],
		[
			1534306920000,
			37.32029019798856
		]
	],
	"preload": [
		[
			1526649180000,
			16.47596664685852
		],
		[
			1529669280000,
			14.496291143715531
		],
		[
			1530664740000,
			13.650602561653855
		],
		[
			1531282740000,
			13.48598828966227
		],
		[
			1531887960000,
			13.005974586868907
		],
		[
			1532492820000,
			13.180560312373707
		],
		[
			1533096960000,
			13.154606307301442
		],
		[
			1533702120000,
			12.974014366833387
		],
		[
			1534306920000,
			12.815770146705097
		]
	]
}