{
	"includeSubDomains": [
		[
			1526649180000,
			38.03350624569562
		]
	],
	"preload": [
		[
			1526649180000,
			16.467544406764976
		]
	]
}