{
	"includeSubDomains": [
		[
			1526649180000,
			36.60983648125198
		],
		[
			1527138720000,
			35.16508124549573
		],
		[
			1527741240000,
			35.28976730820424
		],
		[
			1528161060000,
			35.0111207772838
		],
		[
			1528952100000,
			34.763758293743805
		]
	],
	"preload": [
		[
			1526649180000,
			17.102597679032513
		],
		[
			1527138720000,
			16.434526925670223
		],
		[
			1527741240000,
			16.04795929700598
		],
		[
			1528161060000,
			15.387208818244419
		],
		[
			1528952100000,
			15.187129719661913
		]
	]
}