{
	"includeSubDomains": [
		[
			1526649180000,
			38.03350624569562
		],
		[
			1529669280000,
			36.82529405710622
		]
	],
	"preload": [
		[
			1526649180000,
			16.467544406764976
		],
		[
			1529669280000,
			14.495123569046008
		]
	]
}