{
	"includeSubDomains": [
		[
			1526649180000,
			50.589825472545336
		],
		[
			1531282740000,
			37.5001949834654
		]
	],
	"preload": [
		[
			1526649180000,
			30.03223871873164
		],
		[
			1531282740000,
			17.449070318836963
		]
	]
}