{
	"includeSubDomains": [
		[
			1526649180000,
			50.49079754601227
		]
	],
	"preload": [
		[
			1526649180000,
			29.97509566907611
		]
	]
}