{
	"includeSubDomains": [
		[
			1526649180000,
			50.589825472545336
		],
		[
			1531282740000,
			37.5001949834654
		],
		[
			1531887960000,
			44.48682885350878
		]
	],
	"preload": [
		[
			1526649180000,
			30.03223871873164
		],
		[
			1531282740000,
			17.449070318836963
		],
		[
			1531887960000,
			17.1533571262162
		]
	]
}