{
	"includeSubDomains": [
		[
			1526649180000,
			50.589825472545336
		],
		[
			1531282740000,
			37.5001949834654
		],
		[
			1531887960000,
			44.48682885350878
		],
		[
			1532492820000,
			39.319278100661194
		],
		[
			1533096960000,
			40.01544555061094
		],
		[
			1533702120000,
			38.73890045043276
		],
		[
			1534306920000,
			38.856370236690765
		],
		[
			1534911840000,
			41.68292216484988
		],
		[
			1535516640000,
			40.34048520162278
		]
	],
	"preload": [
		[
			1526649180000,
			30.03223871873164
		],
		[
			1531282740000,
			17.449070318836963
		],
		[
			1531887960000,
			17.1533571262162
		],
		[
			1532492820000,
			18.23489964469752
		],
		[
			1533096960000,
			18.4555760185434
		],
		[
			1533702120000,
			18.36495150695843
		],
		[
			1534306920000,
			18.61144197866583
		],
		[
			1534911840000,
			19.289992048394076
		],
		[
			1535516640000,
			19.450404334685654
		]
	]
}