{
	"includeSubDomains": [
		[
			1526649180000,
			51.37388103862875
		],
		[
			1527138720000,
			41.25144530910377
		],
		[
			1527741240000,
			66.41733950337596
		],
		[
			1528161060000,
			41.399582123446734
		],
		[
			1528952100000,
			65.85201120672404
		]
	],
	"preload": [
		[
			1526649180000,
			30.161759826507538
		],
		[
			1527138720000,
			18.07953022582299
		],
		[
			1527741240000,
			21.875177958191276
		],
		[
			1528161060000,
			17.837724954953917
		],
		[
			1528952100000,
			22.195817490494296
		]
	]
}