{
	"includeSubDomains": [
		[
			1508557500000,
			34.43774138976667
		],
		[
			1513182180000,
			53.83766552231486
		],
		[
			1526649180000,
			51.37388103862875
		],
		[
			1527138720000,
			41.25144530910377
		],
		[
			1527741240000,
			66.41733950337596
		],
		[
			1528161060000,
			41.399582123446734
		]
	],
	"preload": [
		[
			1508557500000,
			14.821958659936252
		],
		[
			1513182180000,
			27.997793035801866
		],
		[
			1526649180000,
			30.161759826507538
		],
		[
			1527138720000,
			18.07953022582299
		],
		[
			1527741240000,
			21.875177958191276
		],
		[
			1528161060000,
			17.837724954953917
		]
	]
}