{
	"includeSubDomains": [
		[
			1526649180000,
			51.37388103862875
		]
	],
	"preload": [
		[
			1526649180000,
			30.161759826507538
		]
	]
}