{
	"includeSubDomains": [
		[
			1526649180000,
			50.589825472545336
		]
	],
	"preload": [
		[
			1526649180000,
			30.03223871873164
		]
	]
}