{
	"includeSubDomains": [
		[
			1526649180000,
			38.072021541502664
		],
		[
			1529669280000,
			36.821835506459266
		],
		[
			1530664740000,
			37.88432095376118
		],
		[
			1531282740000,
			37.20726703374405
		],
		[
			1531887960000,
			42.54002311426758
		],
		[
			1532492820000,
			37.309026846677504
		],
		[
			1533096960000,
			37.17998834037097
		],
		[
			1533702120000,
			37.55633595667633
		],
		[
			1534306920000,
			37.346683974652564
		],
		[
			1534911840000,
			37.13593660160965
		],
		[
			1535516640000,
			35.76450044959971
		],
		[
			1536121200000,
			33.44460783253682
		],
		[
			1536726120000,
			34.452634649834934
		]
	],
	"preload": [
		[
			1526649180000,
			16.50496757587457
		],
		[
			1529669280000,
			14.496291143715531
		],
		[
			1530664740000,
			13.650602561653855
		],
		[
			1531282740000,
			13.504702289783344
		],
		[
			1531887960000,
			12.979969498992382
		],
		[
			1532492820000,
			13.215537181123448
		],
		[
			1533096960000,
			13.191120046675145
		],
		[
			1533702120000,
			13.00053695120726
		],
		[
			1534306920000,
			12.841275750113832
		],
		[
			1534911840000,
			12.564381135424021
		],
		[
			1535516640000,
			12.19676068331827
		],
		[
			1536121200000,
			12.90610470773955
		],
		[
			1536726120000,
			12.843044140427665
		]
	]
}