{
	"includeSubDomains": [
		[
			1508557500000,
			34.43774138976667
		],
		[
			1513182180000,
			39.88711062314373
		],
		[
			1526533020000,
			35.14388422785987
		],
		[
			1526584200000,
			33.4160072438093
		],
		[
			1526587380000,
			35.227264391736135
		],
		[
			1526649180000,
			36.645181406712645
		],
		[
			1527138720000,
			36.34904141030339
		],
		[
			1527741240000,
			37.2120804021157
		],
		[
			1528161060000,
			36.15753492001657
		]
	],
	"preload": [
		[
			1508557500000,
			14.821958659936252
		],
		[
			1513182180000,
			21.232211477555847
		],
		[
			1526533020000,
			16.43179280410499
		],
		[
			1526584200000,
			15.637179638596907
		],
		[
			1526587380000,
			16.393681342191808
		],
		[
			1526649180000,
			17.135001981230065
		],
		[
			1527138720000,
			16.79277489536521
		],
		[
			1527741240000,
			16.358428309441415
		],
		[
			1528161060000,
			15.759764723160158
		]
	]
}