{
	"preload": [
		[
			1526649180000,
			17.135001981230065
		],
		[
			1527138720000,
			16.79277489536521
		],
		[
			1527741240000,
			16.358428309441415
		],
		[
			1528161060000,
			15.759764723160158
		]
	],
	"includeSubDomains": [
		[
			1526649180000,
			36.645181406712645
		],
		[
			1527138720000,
			36.34904141030339
		],
		[
			1527741240000,
			37.2120804021157
		],
		[
			1528161060000,
			36.15753492001657
		]
	]
}