{
	"includeSubDomains": [
		[
			1526649180000,
			38.072021541502664
		],
		[
			1529669280000,
			36.821835506459266
		],
		[
			1530664740000,
			37.88432095376118
		],
		[
			1531282740000,
			37.20726703374405
		],
		[
			1531887960000,
			42.54002311426758
		],
		[
			1532492820000,
			37.309026846677504
		],
		[
			1533096960000,
			37.17998834037097
		]
	],
	"preload": [
		[
			1526649180000,
			16.50496757587457
		],
		[
			1529669280000,
			14.496291143715531
		],
		[
			1530664740000,
			13.650602561653855
		],
		[
			1531282740000,
			13.504702289783344
		],
		[
			1531887960000,
			12.979969498992382
		],
		[
			1532492820000,
			13.215537181123448
		],
		[
			1533096960000,
			13.191120046675145
		]
	]
}