{
	"includeSubDomains": [
		[
			1526649180000,
			36.645181406712645
		]
	],
	"preload": [
		[
			1526649180000,
			17.135001981230065
		]
	]
}