{
	"includeSubDomains": [
		[
			1526649180000,
			38.0603666744369
		],
		[
			1529669280000,
			36.82529405710622
		]
	],
	"preload": [
		[
			1526649180000,
			16.498211065561545
		],
		[
			1529669280000,
			14.495123569046008
		]
	]
}