{
	"includeSubDomains": [
		[
			1526649180000,
			38.0603666744369
		]
	],
	"preload": [
		[
			1526649180000,
			16.498211065561545
		]
	]
}