{
	"hsts": [
		[
			1526649180000,
			5.7655053462500785
		],
		[
			1527138720000,
			5.963435172962604
		],
		[
			1527741240000,
			5.776922851690551
		],
		[
			1528161060000,
			5.941290740693825
		]
	],
	"parseError": [
		[
			1526649180000,
			5.7655053462500785
		],
		[
			1527138720000,
			5.963435172962604
		],
		[
			1527741240000,
			5.776922851690551
		],
		[
			1528161060000,
			5.941290740693825
		]
	]
}