{
	"parseError": [
		[
			1526649180000,
			0.03892335378307006
		],
		[
			1527138720000,
			0.03455786517468757
		],
		[
			1527741240000,
			0.03160397515169492
		],
		[
			1528161060000,
			0.03244296583479835
		],
		[
			1528952100000,
			0.03424470525032646
		]
	],
	"hsts": [
		[
			1526649180000,
			5.7655053462500785
		],
		[
			1527138720000,
			5.963435172962604
		],
		[
			1527741240000,
			5.776922851690551
		],
		[
			1528161060000,
			5.941290740693825
		],
		[
			1528952100000,
			6.02816953288854
		]
	]
}