{
	"hsts": [
		[
			1526649180000,
			6.100337318066738
		],
		[
			1529669280000,
			6.3624447213306885
		]
	],
	"includeSubDomains": [
		[
			1526649180000,
			2.320172174875413
		],
		[
			1529669280000,
			2.3429889778508586
		]
	],
	"preload": [
		[
			1526649180000,
			1.0045757568150955
		],
		[
			1529669280000,
			0.9222442243691283
		]
	]
}