{
	"hsts": [
		[
			1526649180000,
			6.094505047837987
		],
		[
			1529669280000,
			6.35892718508375
		],
		[
			1530664740000,
			6.421113546453423
		],
		[
			1531282740000,
			6.432958963908181
		],
		[
			1531887960000,
			6.517165240484086
		],
		[
			1532492820000,
			6.485177669235539
		],
		[
			1533096960000,
			6.528437300369069
		],
		[
			1533702120000,
			6.643053765985172
		],
		[
			1534306920000,
			6.681861533125597
		],
		[
			1534911840000,
			6.686756366284959
		],
		[
			1535516640000,
			6.628099099278637
		],
		[
			1536121200000,
			6.440372544138794
		],
		[
			1536726120000,
			6.517247516921422
		],
		[
			1537331100000,
			6.609622502131166
		],
		[
			1537936080000,
			6.592511699243063
		],
		[
			1538541120000,
			6.584513018229841
		],
		[
			1539145680000,
			6.572523033342311
		],
		[
			1539750420000,
			6.553150332522762
		],
		[
			1540355460000,
			6.666349182308548
		]
	],
	"includeSubDomains": [
		[
			1526649180000,
			2.318979099970027
		],
		[
			1529669280000,
			2.341473708067059
		],
		[
			1530664740000,
			2.4325952647438522
		],
		[
			1531282740000,
			2.3920718630433213
		],
		[
			1531887960000,
			2.7513333252710503
		],
		[
			1532492820000,
			2.4166787097782123
		],
		[
			1533096960000,
			2.4243996242562007
		],
		[
			1533702120000,
			2.493078291627628
		],
		[
			1534306920000,
			2.49369011479024
		],
		[
			1534911840000,
			2.4796817764383974
		],
		[
			1535516640000,
			2.367782344320512
		],
		[
			1536121200000,
			2.1539573403415937
		],
		[
			1536726120000,
			2.2428283770015844
		],
		[
			1537331100000,
			2.201103364570568
		],
		[
			1537936080000,
			2.289924192279178
		],
		[
			1538541120000,
			2.25326679884999
		],
		[
			1539145680000,
			2.2781941204553804
		],
		[
			1539750420000,
			2.3059337169025906
		],
		[
			1540355460000,
			2.3170184272765293
		]
	],
	"preload": [
		[
			1526649180000,
			1.0041286189728955
		],
		[
			1529669280000,
			0.9218085983666149
		],
		[
			1530664740000,
			0.8765206902588738
		],
		[
			1531282740000,
			0.8675480925514366
		],
		[
			1531887960000,
			0.8476208549616141
		],
		[
			1532492820000,
			0.8547827540581818
		],
		[
			1533096960000,
			0.8587902248825696
		],
		[
			1533702120000,
			0.8618707499953826
		],
		[
			1534306920000,
			0.8563320156064815
		],
		[
			1534911840000,
			0.8369229850030255
		],
		[
			1535516640000,
			0.8060712622811306
		],
		[
			1536121200000,
			0.8312012241150623
		],
		[
			1536726120000,
			0.8349475588400287
		],
		[
			1537331100000,
			0.8303722052509189
		],
		[
			1537936080000,
			0.8711963296566063
		],
		[
			1538541120000,
			0.8277692980035025
		],
		[
			1539145680000,
			0.8450581413039048
		],
		[
			1539750420000,
			0.8828639997845434
		],
		[
			1540355460000,
			0.8825018865897434
		]
	]
}