{
	"hsts": [
		[
			1526649180000,
			6.094505047837987
		],
		[
			1529669280000,
			6.35892718508375
		],
		[
			1530664740000,
			6.421113546453423
		],
		[
			1531282740000,
			6.432958963908181
		]
	],
	"includeSubDomains": [
		[
			1526649180000,
			2.318979099970027
		],
		[
			1529669280000,
			2.341473708067059
		],
		[
			1530664740000,
			2.4325952647438522
		],
		[
			1531282740000,
			2.3920718630433213
		]
	],
	"preload": [
		[
			1526649180000,
			1.0041286189728955
		],
		[
			1529669280000,
			0.9218085983666149
		],
		[
			1530664740000,
			0.8765206902588738
		],
		[
			1531282740000,
			0.8675480925514366
		]
	]
}