{
	"hsts": [
		[
			1526649180000,
			5.7655053462500785
		]
	],
	"includeSubDomains": [
		[
			1526649180000,
			2.1107420795799947
		]
	],
	"preload": [
		[
			1526649180000,
			0.9860511835322614
		]
	]
}