{
	"hsts": [
		[
			1526649180000,
			6.094505047837987
		],
		[
			1529669280000,
			6.35892718508375
		],
		[
			1530664740000,
			6.421113546453423
		],
		[
			1531282740000,
			6.432958963908181
		],
		[
			1531887960000,
			6.517165240484086
		],
		[
			1532492820000,
			6.485177669235539
		],
		[
			1533096960000,
			6.528437300369069
		],
		[
			1533702120000,
			6.643053765985172
		],
		[
			1534306920000,
			6.681861533125597
		]
	],
	"includeSubDomains": [
		[
			1526649180000,
			2.318979099970027
		],
		[
			1529669280000,
			2.341473708067059
		],
		[
			1530664740000,
			2.4325952647438522
		],
		[
			1531282740000,
			2.3920718630433213
		],
		[
			1531887960000,
			2.7513333252710503
		],
		[
			1532492820000,
			2.4166787097782123
		],
		[
			1533096960000,
			2.4243996242562007
		],
		[
			1533702120000,
			2.493078291627628
		],
		[
			1534306920000,
			2.49369011479024
		]
	],
	"preload": [
		[
			1526649180000,
			1.0041286189728955
		],
		[
			1529669280000,
			0.9218085983666149
		],
		[
			1530664740000,
			0.8765206902588738
		],
		[
			1531282740000,
			0.8675480925514366
		],
		[
			1531887960000,
			0.8476208549616141
		],
		[
			1532492820000,
			0.8547827540581818
		],
		[
			1533096960000,
			0.8587902248825696
		],
		[
			1533702120000,
			0.8618707499953826
		],
		[
			1534306920000,
			0.8563320156064815
		]
	]
}