{
	"hsts": [
		[
			1526649180000,
			6.100337318066738
		]
	],
	"includeSubDomains": [
		[
			1526649180000,
			2.320172174875413
		]
	],
	"preload": [
		[
			1526649180000,
			1.0045757568150955
		]
	]
}