{
	"hsts": [
		[
			1526649180000,
			4.42036658498191
		]
	],
	"includeSubDomains": [
		[
			1526649180000,
			2.2709138708399026
		]
	],
	"preload": [
		[
			1526649180000,
			1.3332603528134368
		]
	]
}