{
	"hsts": [
		[
			1526649180000,
			4.967882916052462
		],
		[
			1531282740000,
			8.55741747744531
		],
		[
			1531887960000,
			8.552687992971347
		],
		[
			1532492820000,
			8.2762413412656
		]
	],
	"includeSubDomains": [
		[
			1526649180000,
			2.5132432969113365
		],
		[
			1531282740000,
			3.209048239591137
		],
		[
			1531887960000,
			3.8048196698077588
		],
		[
			1532492820000,
			3.254158349254113
		]
	],
	"preload": [
		[
			1526649180000,
			1.491966456615962
		],
		[
			1531282740000,
			1.4931897931158762
		],
		[
			1531887960000,
			1.4670731153253875
		],
		[
			1532492820000,
			1.5091643029327502
		]
	]
}