{
	"hsts": [
		[
			1526649180000,
			4.978501239182012
		]
	],
	"includeSubDomains": [
		[
			1526649180000,
			2.5136849815011013
		]
	],
	"preload": [
		[
			1526649180000,
			1.4923105093309474
		]
	]
}