{
	"hsts": [
		[
			1526649180000,
			4.42036658498191
		],
		[
			1527138720000,
			7.665576947752861
		],
		[
			1527741240000,
			6.374714596467104
		],
		[
			1528161060000,
			7.384717941953918
		]
	],
	"parseError": [
		[
			1526649180000,
			4.42036658498191
		],
		[
			1527138720000,
			7.665576947752861
		],
		[
			1527741240000,
			6.374714596467104
		],
		[
			1528161060000,
			7.384717941953918
		]
	]
}