{
	"hsts": [
		[
			1526649180000,
			4.967882916052462
		],
		[
			1531282740000,
			8.55741747744531
		],
		[
			1531887960000,
			8.552687992971347
		],
		[
			1532492820000,
			8.2762413412656
		],
		[
			1533096960000,
			8.181785764110675
		],
		[
			1533702120000,
			8.34910443112819
		],
		[
			1534306920000,
			8.487994122233685
		],
		[
			1534911840000,
			7.940546644587347
		],
		[
			1535516640000,
			8.162728267516655
		],
		[
			1536726120000,
			8.0999436010592
		],
		[
			1537936080000,
			7.634506096243341
		]
	],
	"includeSubDomains": [
		[
			1526649180000,
			2.5132432969113365
		],
		[
			1531282740000,
			3.209048239591137
		],
		[
			1531887960000,
			3.8048196698077588
		],
		[
			1532492820000,
			3.254158349254113
		],
		[
			1533096960000,
			3.2739780275053443
		],
		[
			1533702120000,
			3.23435125407742
		],
		[
			1534306920000,
			3.298126421803671
		],
		[
			1534911840000,
			3.3098518773269423
		],
		[
			1535516640000,
			3.292884188806236
		],
		[
			1536726120000,
			3.304463776508056
		],
		[
			1537936080000,
			3.1548959676946255
		]
	],
	"preload": [
		[
			1526649180000,
			1.491966456615962
		],
		[
			1531282740000,
			1.4931897931158762
		],
		[
			1531887960000,
			1.4670731153253875
		],
		[
			1532492820000,
			1.5091643029327502
		],
		[
			1533096960000,
			1.5099956913698076
		],
		[
			1533702120000,
			1.5333089800420094
		],
		[
			1534306920000,
			1.5797381012120884
		],
		[
			1534911840000,
			1.531730816339922
		],
		[
			1535516640000,
			1.5876836527736706
		],
		[
			1536726120000,
			1.5952376662744132
		],
		[
			1537936080000,
			1.519150498756543
		]
	]
}