{
	"parseError": [
		[
			1526649180000,
			0.016360135882873522
		],
		[
			1527138720000,
			0.014685350845441853
		],
		[
			1527741240000,
			0.013794701382595254
		],
		[
			1528161060000,
			0.012709384198562119
		]
	],
	"hsts": [
		[
			1526649180000,
			4.42036658498191
		],
		[
			1527138720000,
			7.665576947752861
		],
		[
			1527741240000,
			6.374714596467104
		],
		[
			1528161060000,
			7.384717941953918
		]
	]
}