{
	"hsts": [
		[
			1526649180000,
			4.967882916052462
		],
		[
			1531282740000,
			8.55741747744531
		]
	],
	"includeSubDomains": [
		[
			1526649180000,
			2.5132432969113365
		],
		[
			1531282740000,
			3.209048239591137
		]
	],
	"preload": [
		[
			1526649180000,
			1.491966456615962
		],
		[
			1531282740000,
			1.4931897931158762
		]
	]
}