{
	"hsts": [
		[
			1526649180000,
			4.967882916052462
		]
	],
	"includeSubDomains": [
		[
			1526649180000,
			2.5132432969113365
		]
	],
	"preload": [
		[
			1526649180000,
			1.491966456615962
		]
	]
}