{
	"hsts": [
		[
			1526649180000,
			6.096007535706204
		],
		[
			1529669280000,
			6.3624447213306885
		],
		[
			1530664740000,
			6.4268642029823155
		]
	],
	"includeSubDomains": [
		[
			1526649180000,
			2.320162820591086
		],
		[
			1529669280000,
			2.3429889778508586
		],
		[
			1530664740000,
			2.4366741374400607
		]
	],
	"preload": [
		[
			1526649180000,
			1.0057321898133467
		],
		[
			1529669280000,
			0.9222442243691283
		],
		[
			1530664740000,
			0.8770212914597582
		]
	]
}