{
	"parseError": [
		[
			1526649180000,
			0.03891785887703297
		],
		[
			1527138720000,
			0.032883641602701
		],
		[
			1527741240000,
			0.030843825344746004
		],
		[
			1528161060000,
			0.0305842020673361
		],
		[
			1528952100000,
			0.03331578594632778
		]
	],
	"hsts": [
		[
			1526649180000,
			5.761137882744284
		],
		[
			1527138720000,
			6.101796326847363
		],
		[
			1527741240000,
			5.830792816326126
		],
		[
			1528161060000,
			6.0478844489223125
		],
		[
			1528952100000,
			6.047190725094757
		]
	]
}