{
	"hsts": [
		[
			1526649180000,
			5.761137882744284
		]
	],
	"includeSubDomains": [
		[
			1526649180000,
			2.1111794282224867
		]
	],
	"preload": [
		[
			1526649180000,
			0.9871710903496287
		]
	]
}