{
	"hsts": [
		[
			1526649180000,
			6.091131253204552
		],
		[
			1529669280000,
			6.35892718508375
		],
		[
			1530664740000,
			6.421113546453423
		],
		[
			1531282740000,
			6.434235390825623
		],
		[
			1531887960000,
			6.540498729216998
		],
		[
			1532492820000,
			6.486944577484047
		],
		[
			1533096960000,
			6.530185384229857
		],
		[
			1533702120000,
			6.644516741069148
		],
		[
			1534306920000,
			6.682322715326839
		],
		[
			1534911840000,
			6.687873441304578
		],
		[
			1535516640000,
			6.629865731243568
		],
		[
			1536121200000,
			6.440372544138794
		],
		[
			1536726120000,
			6.519232885129261
		],
		[
			1537331100000,
			6.609622502131166
		]
	],
	"includeSubDomains": [
		[
			1526649180000,
			2.3190168028412383
		],
		[
			1529669280000,
			2.341473708067059
		],
		[
			1530664740000,
			2.4325952647438522
		],
		[
			1531282740000,
			2.3940031434441544
		],
		[
			1531887960000,
			2.7823296711972882
		],
		[
			1532492820000,
			2.4202158939426135
		],
		[
			1533096960000,
			2.42792216446127
		],
		[
			1533702120000,
			2.4954370299735307
		],
		[
			1534306920000,
			2.495625946659537
		],
		[
			1534911840000,
			2.4836044411587577
		],
		[
			1535516640000,
			2.371138359258463
		],
		[
			1536121200000,
			2.1539573403415937
		],
		[
			1536726120000,
			2.2460474878854777
		],
		[
			1537331100000,
			2.201103364570568
		]
	],
	"preload": [
		[
			1526649180000,
			1.0053392383453736
		],
		[
			1529669280000,
			0.9218085983666149
		],
		[
			1530664740000,
			0.8765206902588738
		],
		[
			1531282740000,
			0.868924334154878
		],
		[
			1531887960000,
			0.8489547401343507
		],
		[
			1532492820000,
			0.8572845725562757
		],
		[
			1533096960000,
			0.8614045933041949
		],
		[
			1533702120000,
			0.8638228541518472
		],
		[
			1534306920000,
			0.8580954863876136
		],
		[
			1534911840000,
			0.8402899090203056
		],
		[
			1535516640000,
			0.8086288568651068
		],
		[
			1536121200000,
			0.8312012241150623
		],
		[
			1536726120000,
			0.837267957054427
		],
		[
			1537331100000,
			0.8303722052509189
		]
	]
}