{
	"hsts": [
		[
			1526649180000,
			6.096007535706204
		]
	],
	"includeSubDomains": [
		[
			1526649180000,
			2.320162820591086
		]
	],
	"preload": [
		[
			1526649180000,
			1.0057321898133467
		]
	]
}