{
	"hsts": [
		[
			1526649180000,
			6.091131253204552
		],
		[
			1529669280000,
			6.35892718508375
		],
		[
			1530664740000,
			6.421113546453423
		]
	],
	"includeSubDomains": [
		[
			1526649180000,
			2.3190168028412383
		],
		[
			1529669280000,
			2.341473708067059
		],
		[
			1530664740000,
			2.4325952647438522
		]
	],
	"preload": [
		[
			1526649180000,
			1.0053392383453736
		],
		[
			1529669280000,
			0.9218085983666149
		],
		[
			1530664740000,
			0.8765206902588738
		]
	]
}